,Unnamed: 0,CVE_DOC,CVE_CLPV,STATUS,CVE_VEND,FECHAELAB,FECHA_DOC,FECHA_ENT,FECHA_VEN,FECHA_CANCELA,CAN_TOT,DES_TOT,DES_FIN
93,93,F29507,2385.0,E,4.0,2019-09-13 14:01:27.000,2019-09-13,2019-09-13 00:00:00,2019-10-13,,1764.0956,0.0,0.0
124,124,F29538,941.0,E,4.0,2019-09-18 12:08:08.000,2019-09-18,2019-09-18 00:00:00,2019-10-18,,2602.5,0.0,0.0
139,139,F29553,3930.0,E,4.0,2019-09-19 12:16:04.000,2019-09-19,2019-09-10 00:00:00,2019-10-19,,48480.00000000001,0.0,0.0
150,150,F29564,941.0,E,4.0,2019-09-19 16:09:20.000,2019-09-19,2019-09-13 00:00:00,2019-10-19,,1940.0,0.0,0.0
172,172,F29586,5930.0,E,4.0,2019-09-20 14:45:31.000,2019-09-20,2019-09-20 00:00:00,2019-11-24,,14240.000000000002,0.0,0.0
184,184,F29598,6059.0,E,4.0,2019-09-23 09:10:27.000,2019-09-23,2019-09-23 00:00:00,2019-09-23,,3426.7500000000005,0.0,0.0
193,193,F29607,161.0,C,4.0,2019-09-23 11:35:48.000,2019-09-23,2019-09-20 00:00:00,2019-10-23,2019-09-23,1054.0,0.0,0.0
194,194,F29608,161.0,E,4.0,2019-09-23 11:38:38.000,2019-09-23,2019-09-20 00:00:00,2019-10-23,,1054.0,0.0,0.0
207,207,F29621,161.0,E,4.0,2019-09-23 17:11:33.000,2019-09-23,,2019-10-23,,1230.0,0.0,0.0
217,217,F29631,6849.0,E,4.0,2019-09-24 14:52:37.000,2019-09-24,2019-09-24 00:00:00,2019-09-24,,36.0,0.0,0.0
228,228,F29642,2385.0,E,4.0,2019-09-25 11:23:12.000,2019-09-25,2019-09-25 00:00:00,2019-10-25,,6000.000000000001,0.0,0.0
239,239,F29653,5046.0,E,4.0,2019-09-26 11:52:46.000,2019-09-26,2019-09-26 00:00:00,2019-09-26,,560.0,0.0,0.0
275,275,F29689,3545.0,E,4.0,2019-09-27 17:43:51.000,2019-09-27,2019-09-27 00:00:00,2019-10-12,,1440.0000000000002,0.0,0.0
322,322,F29736,2385.0,E,4.0,2019-10-02 09:45:58.000,2019-10-02,2019-10-02 00:00:00,2019-11-01,,23266.250000000004,0.0,0.0
341,341,F29755,3610.0,E,4.0,2019-10-03 10:19:47.000,2019-10-03,2019-09-25 00:00:00,2019-11-02,,1000.0,0.0,0.0
342,342,F29756,3610.0,E,4.0,2019-10-03 10:22:53.000,2019-10-03,2019-10-03 00:00:00,2019-11-02,,1500.0000000000002,0.0,0.0
348,348,F29764,1429.0,C,4.0,2019-10-03 15:02:51.000,2019-10-03,2019-10-03 00:00:00,2019-11-02,2019-10-04,1490.0000000000002,0.0,0.0
355,355,F29771,2385.0,E,4.0,2019-10-03 17:19:07.000,2019-10-03,2019-09-03 00:00:00,2019-11-02,,16000.000000000002,0.0,0.0
364,364,F29780,1429.0,E,4.0,2019-10-04 08:06:37.000,2019-10-04,2019-10-04 00:00:00,2019-11-03,,1490.0000000000002,0.0,0.0
365,365,F29781,3610.0,E,4.0,2019-10-04 08:21:26.000,2019-10-04,2019-09-25 00:00:00,2019-11-03,,400.00000000000006,0.0,0.0
371,371,F29787,6864.0,E,4.0,2019-10-04 10:46:18.000,2019-10-04,2019-10-04 00:00:00,2019-10-04,,2370.0,0.0,0.0
379,379,F29795,161.0,E,4.0,2019-10-04 12:28:52.000,2019-10-04,2019-09-26 00:00:00,2019-11-03,,1054.0,0.0,0.0
380,380,F29796,3545.0,E,4.0,2019-10-04 12:37:45.000,2019-10-04,2019-10-04 00:00:00,2019-10-19,,1236.0,0.0,0.0
391,391,F29807,3610.0,E,4.0,2019-10-04 16:12:45.000,2019-10-04,2019-09-25 00:00:00,2019-11-03,,5600.000000000001,0.0,0.0
396,396,F29812,3930.0,E,4.0,2019-10-07 10:01:06.000,2019-10-07,2019-10-01 00:00:00,2019-11-06,,72720.0,0.0,0.0
398,398,F29814,2385.0,E,4.0,2019-10-07 11:33:17.000,2019-10-07,2019-09-09 00:00:00,2019-11-06,,1200.0,0.0,0.0
416,416,F29832,4802.0,E,4.0,2019-10-08 15:38:13.000,2019-10-08,2019-10-08 00:00:00,2019-10-08,,48.00000000000001,0.0,0.0
437,437,F29853,6864.0,E,4.0,2019-10-10 08:47:45.000,2019-10-10,2019-10-04 00:00:00,2019-10-10,,2370.0,0.0,0.0
464,464,F29880,6253.0,E,4.0,2019-10-11 11:53:04.000,2019-10-11,2019-10-02 00:00:00,2019-10-19,,21400.0,0.0,0.0
477,477,F29893,2385.0,E,4.0,2019-10-14 10:33:35.000,2019-10-14,2019-10-07 00:00:00,2019-11-13,,1500.0000000000002,0.0,0.0
495,495,F29911,161.0,E,4.0,2019-10-15 16:21:57.000,2019-10-15,2019-10-09 00:00:00,2019-11-14,,1230.0,0.0,0.0
513,513,F29929,3930.0,E,4.0,2019-10-17 08:17:52.000,2019-10-17,2019-10-17 00:00:00,2019-11-16,,48480.00000000001,0.0,0.0
519,519,F29935,6059.0,E,4.0,2019-10-17 11:58:47.000,2019-10-17,2019-10-11 00:00:00,2019-10-17,,6556.050000000001,0.0,0.0
520,520,F29936,5478.0,E,4.0,2019-10-17 12:06:38.000,2019-10-17,2019-10-08 00:00:00,2019-11-16,,5000.0,0.0,0.0
528,528,F29944,1429.0,E,4.0,2019-10-17 16:47:46.000,2019-10-17,2019-10-17 00:00:00,2019-11-16,,8080.0,0.0,0.0
556,556,F29972,941.0,E,4.0,2019-10-21 16:58:49.000,2019-10-21,2019-10-21 00:00:00,2019-11-20,,2082.0,0.0,0.0
557,557,F29973,5478.0,E,4.0,2019-10-21 17:17:51.000,2019-10-21,2019-10-21 00:00:00,2019-11-20,,266.0,0.0,0.0
683,683,F30099,3930.0,E,4.0,2019-10-31 12:04:37.000,2019-10-31,2019-10-31 00:00:00,2019-11-30,,48480.00000000001,0.0,0.0
695,695,F30111,6864.0,E,4.0,2019-10-31 18:11:28.000,2019-10-31,2019-10-31 00:00:00,2019-10-31,,2121.931,0.0,0.0
807,807,F30223,161.0,E,4.0,2019-11-12 09:56:59.000,2019-11-12,2019-10-28 00:00:00,2019-12-12,,1230.0,0.0,0.0
821,821,F30237,3836.0,E,4.0,2019-11-12 14:11:40.000,2019-11-12,2019-10-14 00:00:00,2019-11-12,,4500.0,0.0,0.0
973,973,F30389,3545.0,E,4.0,2019-11-26 13:56:23.000,2019-11-26,2019-11-26 00:00:00,2019-12-11,,1236.0,0.0,0.0
974,974,F30390,3545.0,E,4.0,2019-11-26 13:57:51.000,2019-11-26,2019-11-26 00:00:00,2019-12-11,,2880.0000000000005,0.0,0.0
1081,1081,F30497,3930.0,E,4.0,2019-12-04 18:10:03.000,2019-12-04,2019-12-04 00:00:00,2020-01-03,,51450.00000000001,0.0,0.0
1177,1177,F30593,2385.0,E,4.0,2019-12-16 18:01:38.000,2019-12-16,2019-12-16 00:00:00,2019-12-16,,37327.0,0.0,0.0
1179,1179,F30595,2385.0,E,4.0,2019-12-17 09:21:21.000,2019-12-17,2019-10-07 00:00:00,2019-12-17,,1920.0,0.0,0.0
1366,1366,F30782,251.0,E,4.0,2020-01-14 10:28:15.000,2020-01-14,2020-01-16 00:00:00,2020-02-13,,3860.000000000001,0.0,0.0
1438,1438,F30854,6253.0,E,4.0,2020-01-21 12:50:26.000,2020-01-21,2020-01-21 00:00:00,2020-01-21,,21400.0,0.0,0.0
1607,1607,F31023,85.0,C,4.0,2020-02-06 08:25:45.000,2020-02-06,2020-02-05 00:00:00,2020-02-21,2020-02-11,3190.0000000000005,0.0,0.0
1625,1625,F31041,251.0,C,4.0,2020-02-06 13:23:22.000,2020-02-06,2020-01-23 00:00:00,2020-03-07,2020-02-27,10000.0,0.0,0.0
1638,1638,F31054,3930.0,E,4.0,2020-02-07 09:38:55.000,2020-02-07,2020-02-04 00:00:00,2020-03-08,,51451.350000000006,0.0,0.0
1648,1648,F31064,7046.0,E,4.0,2020-02-07 13:50:39.000,2020-02-07,2020-02-07 00:00:00,2020-02-07,,1224.1375,0.0,0.0
1691,1691,F31107,85.0,E,4.0,2020-02-11 17:22:01.000,2020-02-11,2020-02-05 00:00:00,2020-02-26,,2750.0,0.0,0.0
1694,1694,F31110,941.0,E,4.0,2020-02-12 08:58:51.000,2020-02-12,2020-02-12 00:00:00,2020-03-13,,4722.1,0.0,0.0
1775,1775,F31191,7033.0,E,4.0,2020-02-19 12:37:04.000,2020-02-19,2020-02-04 00:00:00,2020-02-19,,1950.0,0.0,0.0
1873,1873,F31289,6198.0,E,4.0,2020-02-26 17:41:41.000,2020-02-26,2020-02-19 00:00:00,2020-02-26,,26700.000000000004,0.0,0.0
1885,1885,F31301,6198.0,E,4.0,2020-02-27 12:30:09.000,2020-02-27,2020-02-27 00:00:00,2020-02-27,,8000.000000000001,0.0,0.0
1951,1951,F31367,5930.0,E,4.0,2020-03-03 09:46:41.000,2020-03-03,2020-02-21 00:00:00,2020-05-07,,20700.0,0.0,0.0
1980,1980,F31396,941.0,E,4.0,2020-03-04 10:46:05.000,2020-03-04,2020-03-04 00:00:00,2020-04-03,,2376.05,0.0,0.0
2130,2130,F31546,3930.0,E,4.0,2020-03-19 10:01:53.000,2020-03-19,2020-03-12 00:00:00,2020-04-18,,25725.000000000004,0.0,0.0
2132,2132,F31548,941.0,E,4.0,2020-03-19 10:42:24.000,2020-03-19,2020-03-19 00:00:00,2020-04-18,,4164.0,0.0,0.0
2160,2160,F31576,941.0,E,4.0,2020-03-20 17:35:14.000,2020-03-20,2020-03-20 00:00:00,2020-04-19,,4722.1,0.0,0.0
2162,2162,F31578,5930.0,E,4.0,2020-03-23 10:25:10.000,2020-03-23,2020-02-25 00:00:00,2020-05-27,,3750.0,0.0,0.0
2193,2193,F31609,3930.0,E,4.0,2020-03-25 10:54:51.000,2020-03-25,2020-03-20 00:00:00,2020-04-24,,25725.000000000004,0.0,0.0
2221,2221,F31637,6823.0,E,4.0,2020-03-27 13:51:35.000,2020-03-27,2020-03-24 00:00:00,2020-03-27,,600.0,0.0,0.0
2242,2242,F31658,8081.0,C,4.0,2020-03-31 11:51:35.000,2020-03-31,2020-03-31 00:00:00,2020-03-31,2020-03-31,383.00000000000006,0.0,0.0
2252,2252,F31668,6155.0,E,4.0,2020-03-31 14:33:21.000,2020-03-31,2020-03-31 00:00:00,2020-03-31,,400.00000000000006,0.0,0.0
2253,2253,F31669,6426.0,E,4.0,2020-03-31 14:40:41.000,2020-03-31,2020-03-31 00:00:00,2020-03-31,,5600.000000000001,0.0,0.0
2254,2254,F31670,6426.0,E,4.0,2020-03-31 14:50:12.000,2020-03-31,2020-03-31 00:00:00,2020-03-31,,3450.0,0.0,0.0
2283,2283,F31699,8015.0,E,4.0,2020-04-02 12:01:01.000,2020-04-02,2020-04-02 00:00:00,2020-04-02,,400.00000000000006,0.0,0.0
2285,2285,F31701,3930.0,E,4.0,2020-04-02 12:32:28.000,2020-04-02,2020-03-30 00:00:00,2020-05-02,,25725.000000000004,0.0,0.0
2287,2287,F31703,8016.0,E,4.0,2020-04-02 13:11:13.000,2020-04-02,2020-04-02 00:00:00,2020-04-02,,120.0,0.0,0.0
2288,2288,F31704,6297.0,E,4.0,2020-04-02 13:21:34.000,2020-04-02,2020-03-26 00:00:00,2020-04-02,,3500.0,0.0,0.0
2292,2292,F31708,6426.0,E,4.0,2020-04-02 16:53:43.000,2020-04-02,2020-03-31 00:00:00,2020-04-02,,5600.000000000001,0.0,0.0
2293,2293,F31709,180.0,E,4.0,2020-04-03 08:11:44.000,2020-04-03,2020-03-24 00:00:00,2020-04-18,,8326.52,0.0,0.0
2294,2294,F31710,8016.0,E,4.0,2020-04-03 09:34:34.000,2020-04-03,2020-04-03 00:00:00,2020-04-03,,560.0,0.0,0.0
2335,2335,F31751,8021.0,E,4.0,2020-04-27 11:29:08.000,2020-04-27,2020-04-27 00:00:00,2020-04-27,,560.0,0.0,0.0
2352,2352,F31768,8013.0,E,4.0,2020-04-28 12:32:35.000,2020-04-28,2020-04-01 00:00:00,2020-04-28,,690.0000000000001,0.0,0.0
2934,2934,F32350,1802.0,E,4.0,2020-07-27 11:11:30.000,2020-07-27,2020-07-27 00:00:00,2020-07-27,,73275.86200000001,0.0,0.0
2991,2991,F32407,8094.0,E,4.0,2020-07-31 08:26:09.000,2020-07-31,2020-07-27 00:00:00,2020-07-31,,45770.0,0.0,0.0
3069,3069,F32485,2624.0,E,4.0,2020-08-10 10:19:50.137,2020-08-10,2020-08-10 00:00:00,2020-08-10,,790.6819999999999,0.0,0.0
3076,3076,F32492,2624.0,E,4.0,2020-08-10 15:28:40.660,2020-08-10,2020-08-07 00:00:00,2020-08-10,,3296.0000000000005,0.0,0.0
3143,3143,F32559,8094.0,E,4.0,2020-08-18 10:17:55.970,2020-08-18,2020-08-14 00:00:00,2020-08-18,,1200.0,0.0,0.0
3174,3174,F32590,6946.0,E,4.0,2020-08-20 12:21:53.597,2020-08-20,2020-08-11 00:00:00,2020-08-20,,5642.000000000001,0.0,0.0
3183,3183,F32599,6849.0,E,4.0,2020-08-20 15:46:31.333,2020-08-20,2020-08-20 00:00:00,2020-08-20,,78.34920000000001,0.0,0.0
3410,3410,F32826,4486.0,E,4.0,2020-09-11 08:49:14.107,2020-09-11,2020-09-11 00:00:00,2020-09-11,,1086.0,0.0,0.0
3471,3471,F32887,7033.0,E,4.0,2020-09-22 14:12:50.870,2020-09-22,2020-09-21 00:00:00,2020-09-22,,1370.6896000000002,0.0,0.0
3531,3531,F32947,5757.0,E,4.0,2020-09-29 16:40:19.933,2020-09-29,2020-09-30 00:00:00,2020-09-29,,1330.5363,0.0,0.0
3547,3547,F32963,3930.0,E,4.0,2020-09-30 13:21:53.053,2020-09-30,2020-09-28 00:00:00,2020-10-30,,28305.000000000004,0.0,0.0
3566,3566,F32982,5930.0,E,4.0,2020-09-30 17:36:49.673,2020-09-30,2020-03-30 00:00:00,2020-12-04,,34500.0,0.0,0.0
3649,3649,F33065,2325.0,E,4.0,2020-10-09 10:07:47.427,2020-10-09,2020-10-06 00:00:00,2020-10-09,,2000.0,0.0,0.0
3650,3650,F33066,2325.0,E,4.0,2020-10-09 10:10:03.117,2020-10-09,2020-10-02 00:00:00,2020-10-09,,1600.0000000000002,0.0,0.0
3666,3666,F33082,3930.0,E,4.0,2020-10-12 10:21:29.890,2020-10-12,2020-09-30 00:00:00,2020-11-11,,28305.000000000004,0.0,0.0
3672,3672,F33088,2325.0,E,4.0,2020-10-13 08:55:37.957,2020-10-13,2020-10-08 00:00:00,2020-10-13,,4210.0,0.0,0.0
3673,3673,F33089,3722.0,E,4.0,2020-10-13 08:58:15.100,2020-10-13,2020-10-12 00:00:00,2020-10-13,,7120.0,0.0,0.0
3719,3719,F33135,3930.0,E,4.0,2020-10-15 11:29:14.313,2020-10-15,2020-10-12 00:00:00,2020-11-14,,28305.000000000004,0.0,0.0
3741,3741,F33157,2547.0,E,4.0,2020-10-19 10:29:02.107,2020-10-19,2020-10-12 00:00:00,2020-10-19,,1970.0,0.0,0.0
3743,3743,F33159,3228.0,E,4.0,2020-10-19 10:57:47.687,2020-10-19,2020-10-15 00:00:00,2020-10-19,,19986.0,0.0,0.0
3761,3761,F33177,5930.0,E,4.0,2020-10-20 10:18:05.610,2020-10-20,2020-10-07 00:00:00,2020-12-24,,4350.0,0.0,0.0
3810,3810,F33226,5930.0,E,4.0,2020-10-23 09:45:25.407,2020-10-23,2020-10-23 00:00:00,2020-12-27,,18500.0,0.0,0.0
3811,3811,F33227,5287.0,E,4.0,2020-10-23 10:41:23.327,2020-10-23,2020-10-23 00:00:00,2020-11-22,,400.0,0.0,0.0
3813,3813,F33229,5930.0,E,4.0,2020-10-23 17:53:48.860,2020-10-23,2020-10-21 00:00:00,2020-12-27,,27600.000000000004,0.0,0.0
3828,3828,F33244,4486.0,E,4.0,2020-10-27 11:56:44.590,2020-10-27,2020-10-26 00:00:00,2020-10-27,,1350.0,0.0,0.0
3841,3841,F33257,6253.0,E,4.0,2020-10-28 10:22:16.217,2020-10-28,2020-10-28 00:00:00,2020-11-05,,7500.000000000001,0.0,0.0
3849,3849,F33265,3840.0,E,4.0,2020-10-28 16:55:08.840,2020-10-28,2020-10-23 00:00:00,2020-10-28,,3865.000000000001,0.0,0.0
3869,3869,F33285,3598.0,E,4.0,2020-10-30 09:24:39.330,2020-10-30,2020-10-20 00:00:00,2020-11-29,,13573.000000000002,1628.7600000000002,0.0
3873,3873,F33289,644.0,E,4.0,2020-10-30 11:04:38.727,2020-10-30,2020-10-28 00:00:00,2020-12-29,,35673.0,0.0,0.0
3901,3901,F33317,7053.0,E,4.0,2020-10-30 17:57:29.910,2020-10-30,2020-10-30 00:00:00,2020-10-30,,6001.603400000001,0.0,0.0
3902,3902,F33318,3840.0,E,4.0,2020-10-30 17:59:00.343,2020-10-30,2020-10-23 00:00:00,2020-10-30,,773.0000000000001,0.0,0.0
3906,3906,F33322,4849.0,E,4.0,2020-11-04 14:18:51.910,2020-11-04,2020-11-04 00:00:00,2020-11-04,,103.2576,0.0,0.0
3907,3907,F33323,7068.0,E,4.0,2020-11-04 14:55:52.560,2020-11-04,2020-11-04 00:00:00,2020-11-04,,111.0,0.0,0.0
3915,3915,F33331,7033.0,E,4.0,2020-11-04 18:09:55.557,2020-11-04,2020-11-03 00:00:00,2020-11-04,,600.0,0.0,0.0
3929,3929,F33345,8218.0,E,4.0,2020-11-05 15:41:30.983,2020-11-05,2020-11-05 00:00:00,2020-11-05,,3333.7500000000005,0.0,0.0
3932,3932,F33348,8215.0,E,4.0,2020-11-06 09:34:21.667,2020-11-06,2020-11-06 00:00:00,2020-11-06,,6369.7543,0.0,0.0
3935,3935,F33351,4486.0,E,4.0,2020-11-06 11:49:20.570,2020-11-06,2020-10-29 00:00:00,2020-11-06,,1086.0,0.0,0.0
3937,3937,F33353,8219.0,E,4.0,2020-11-06 12:31:28.707,2020-11-06,2020-11-06 00:00:00,2020-11-06,,6741.914000000001,0.0,0.0
3941,3941,F33357,5926.0,E,4.0,2020-11-06 15:10:37.343,2020-11-06,2020-11-06 00:00:00,2020-11-06,,175.2544,0.0,0.0
3969,3969,F33385,5728.0,E,4.0,2020-11-12 11:18:38.363,2020-11-12,2020-11-06 00:00:00,2020-11-20,,6976.8,0.0,0.0
3977,3977,F33393,644.0,E,4.0,2020-11-13 08:13:57.513,2020-11-13,2020-10-27 00:00:00,2021-01-12,,18500.0,0.0,0.0
3981,3981,F33397,6253.0,E,4.0,2020-11-13 10:16:44.057,2020-11-13,2020-11-06 00:00:00,2020-11-21,,4284.0,0.0,0.0
3985,3985,F33401,7053.0,E,4.0,2020-11-13 12:56:57.477,2020-11-13,2020-11-04 00:00:00,2020-11-13,,6001.6,0.0,0.0
3999,3999,F33415,5894.0,E,4.0,2020-11-17 13:00:06.847,2020-11-17,2020-10-07 00:00:00,2020-12-17,,3250.0000000000005,0.0,0.0
4023,4023,F33439,4733.0,E,4.0,2020-11-18 12:16:46.133,2020-11-18,2020-11-12 00:00:00,2020-12-03,,1750.0000000000002,0.0,0.0
4027,4027,F33443,3836.0,C,4.0,2020-11-18 13:00:14.347,2020-11-18,2020-11-18 00:00:00,2020-11-18,2020-12-09,21105.0,0.0,0.0
4031,4031,F33447,3930.0,E,4.0,2020-11-19 09:21:07.253,2020-11-19,2020-11-13 00:00:00,2020-12-19,,28305.000000000004,0.0,0.0
4043,4043,F33459,644.0,E,4.0,2020-11-20 10:32:49.717,2020-11-20,2020-11-24 00:00:00,2021-01-19,,35673.0,0.0,0.0
4047,4047,F33463,6253.0,E,4.0,2020-11-20 13:26:58.007,2020-11-20,2020-11-20 00:00:00,2020-11-28,,11384.000000000002,0.0,0.0
4048,4048,F33464,6253.0,E,4.0,2020-11-20 13:31:44.970,2020-11-20,2020-11-20 00:00:00,2020-11-28,,7500.000000000001,0.0,0.0
4049,4049,F33465,6253.0,E,4.0,2020-11-20 13:33:28.127,2020-11-20,2020-11-20 00:00:00,2020-11-28,,12600.000000000002,0.0,0.0
4059,4059,F33475,5233.0,E,4.0,2020-11-20 17:30:32.173,2020-11-20,2020-11-20 00:00:00,2020-11-20,,7284.48,0.0,0.0
4072,4072,F33488,6340.0,E,4.0,2020-11-24 09:33:01.027,2020-11-24,2020-11-17 00:00:00,2020-11-24,,2366.4,0.0,0.0
4073,4073,F33489,49.0,E,4.0,2020-11-24 11:09:22.147,2020-11-24,2020-11-19 00:00:00,2020-12-09,,4759.3640000000005,0.0,0.0
4075,4075,F33491,8237.0,E,4.0,2020-11-24 11:35:28.517,2020-11-24,2020-11-24 00:00:00,2020-11-24,,1703.7504,0.0,0.0
4087,4087,F33503,2853.0,E,4.0,2020-11-25 11:31:58.320,2020-11-25,2020-11-25 00:00:00,2020-11-25,,38.546600000000005,0.0,0.0
4092,4092,F33508,8241.0,E,4.0,2020-11-25 13:37:21.040,2020-11-25,2020-11-25 00:00:00,2020-11-25,,4046.091,0.0,0.0
4094,4094,F33510,8242.0,E,4.0,2020-11-25 14:02:10.590,2020-11-25,2020-11-25 00:00:00,2020-11-25,,450.00000000000006,0.0,0.0
4100,4100,F33516,248.0,E,4.0,2020-11-25 17:25:52.710,2020-11-25,2020-11-25 00:00:00,2020-11-25,,910.0,0.0,0.0
4106,4106,F33522,248.0,E,4.0,2020-11-26 11:28:12.443,2020-11-26,2020-11-26 00:00:00,2020-11-26,,384.75500000000005,0.0,0.0
4116,4116,F33532,3959.0,E,4.0,2020-11-26 16:28:05.243,2020-11-26,2020-11-26 00:00:00,2020-11-26,,600.0,0.0,0.0
4117,4117,F33533,644.0,E,4.0,2020-11-26 16:47:29.330,2020-11-26,2020-11-27 00:00:00,2021-01-25,,11891.000000000002,0.0,0.0
4122,4122,F33538,8215.0,E,4.0,2020-11-27 09:02:04.800,2020-11-27,2020-11-27 00:00:00,2020-11-27,,13339.51,0.0,0.0
4124,4124,F33540,8240.0,E,4.0,2020-11-27 09:12:53.527,2020-11-27,2020-11-27 00:00:00,2020-11-27,,1700.0000000000002,0.0,0.0
4128,4128,F33544,644.0,E,4.0,2020-11-27 10:58:48.957,2020-11-27,2020-11-27 00:00:00,2021-01-26,,23782.000000000004,0.0,0.0
4132,4132,F33548,8245.0,E,4.0,2020-11-27 12:52:20.743,2020-11-27,2020-11-27 00:00:00,2020-11-27,,4822.5,0.0,0.0
4135,4135,F33551,3836.0,E,4.0,2020-11-27 13:47:37.193,2020-11-27,2020-12-18 00:00:00,2020-11-27,,42210.0,0.0,0.0
4140,4140,F33556,2853.0,E,4.0,2020-11-27 15:52:22.030,2020-11-27,2020-11-27 00:00:00,2020-11-27,,612.7330000000001,0.0,0.0
4141,4141,F33557,8241.0,E,4.0,2020-11-27 16:45:25.440,2020-11-27,2020-11-27 00:00:00,2020-11-27,,719.7273,0.0,0.0
4142,4142,F33558,4810.0,E,4.0,2020-11-30 08:52:20.537,2020-11-30,2020-11-12 00:00:00,2020-12-15,,3349.0000000000005,0.0,0.0
4146,4146,F33562,5926.0,E,4.0,2020-11-30 12:18:16.730,2020-11-30,2020-11-30 00:00:00,2020-11-30,,1990.862,0.0,0.0
4147,4147,F33563,8232.0,E,4.0,2020-11-30 12:27:49.663,2020-11-30,2020-11-25 00:00:00,2020-12-30,,2900.0000000000005,0.0,0.0
4155,4155,F33571,2702.0,E,4.0,2020-11-30 16:26:24.423,2020-11-30,2020-11-30 00:00:00,2020-11-30,,2335.862,0.0,0.0
4167,4167,F33583,6349.0,E,4.0,2020-11-30 17:37:44.153,2020-11-30,2020-11-30 00:00:00,2020-11-30,,4125.0,0.0,0.0
4170,4170,F33586,5926.0,E,4.0,2020-11-30 17:48:21.227,2020-11-30,2020-11-17 00:00:00,2020-11-30,,700.0000000000001,0.0,0.0
4183,4183,F33599,8222.0,E,4.0,2020-12-01 17:08:50.747,2020-12-01,2020-11-25 00:00:00,2020-12-01,,3208.0000000000005,0.0,0.0
4187,4187,F33603,8249.0,E,4.0,2020-12-02 10:49:52.240,2020-12-02,2020-12-02 00:00:00,2020-12-02,,5427.0,0.0,0.0
4197,4197,F33613,5854.0,E,4.0,2020-12-02 17:27:09.213,2020-12-02,2020-12-02 00:00:00,2020-12-02,,5680.000000000001,0.0,0.0
4200,4200,F33616,644.0,E,4.0,2020-12-03 08:59:08.600,2020-12-03,2020-12-10 00:00:00,2021-02-01,,11891.000000000002,0.0,0.0
4201,4201,F33617,3926.0,E,4.0,2020-12-03 09:35:53.433,2020-12-03,2020-12-03 00:00:00,2021-01-02,,2056.23,0.0,0.0
4205,4205,F33621,5919.0,E,4.0,2020-12-03 11:54:22.987,2020-12-03,2020-12-02 00:00:00,2020-12-18,,7660.400000000001,0.0,0.0
4216,4216,F33632,5926.0,E,4.0,2020-12-04 10:59:41.347,2020-12-04,2020-11-23 00:00:00,2020-12-04,,480.00000000000006,0.0,0.0
4221,4221,F33637,4906.0,E,4.0,2020-12-04 13:10:24.877,2020-12-04,2020-12-04 00:00:00,2020-12-04,,264.0,0.0,0.0
4222,4222,F33638,4486.0,E,4.0,2020-12-04 13:19:26.850,2020-12-04,2020-12-04 00:00:00,2020-12-04,,1086.0,0.0,0.0
4223,4223,F33639,3930.0,E,4.0,2020-12-04 13:54:27.183,2020-12-04,2020-11-30 00:00:00,2021-01-03,,28305.000000000004,0.0,0.0
4226,4226,F33642,644.0,E,4.0,2020-12-04 15:49:13.583,2020-12-04,2020-12-10 00:00:00,2021-02-02,,71346.0,0.0,0.0
4236,4236,F33652,4733.0,E,4.0,2020-12-07 13:20:09.077,2020-12-07,2020-11-30 00:00:00,2020-12-22,,2200.0,0.0,0.0
4238,4238,F33654,1586.0,E,4.0,2020-12-07 14:32:30.767,2020-12-07,2020-11-25 00:00:00,2020-12-07,,11138.1,0.0,0.0
4241,4241,F33657,7053.0,E,4.0,2020-12-07 15:54:00.143,2020-12-07,2020-12-04 00:00:00,2020-12-07,,1637.9,0.0,0.0
4252,4252,F33668,6049.0,E,4.0,2020-12-08 16:54:46.830,2020-12-08,2020-12-08 00:00:00,2020-12-08,,13195.000000000002,0.0,0.0
4257,4257,F33673,5739.0,E,4.0,2020-12-09 10:55:00.573,2020-12-09,2020-12-02 00:00:00,2021-02-07,,8500.0,0.0,0.0
4269,4269,F33685,5926.0,E,4.0,2020-12-09 16:19:31.847,2020-12-09,2020-12-07 00:00:00,2020-12-09,,1335.0,0.0,0.0
4270,4270,F33686,6349.0,E,4.0,2020-12-09 16:27:56.887,2020-12-09,2020-12-07 00:00:00,2020-12-09,,8250.0,0.0,0.0
4277,4277,F33693,5728.0,E,4.0,2020-12-10 14:08:40.293,2020-12-10,2020-12-08 00:00:00,2020-12-18,,7830.4000000000015,0.0,0.0
4282,4282,F33698,8230.0,E,4.0,2020-12-10 18:01:00.897,2020-12-10,2020-11-27 00:00:00,2020-12-10,,4060.000000000001,0.0,0.0
4286,4286,F33702,644.0,E,4.0,2020-12-11 08:58:29.903,2020-12-11,2020-12-21 00:00:00,2021-02-09,,71346.0,0.0,0.0
4287,4287,F33703,8240.0,E,4.0,2020-12-11 09:21:12.477,2020-12-11,2020-12-08 00:00:00,2020-12-11,,1700.0000000000002,0.0,0.0
4290,4290,F33706,8245.0,E,4.0,2020-12-11 12:02:24.663,2020-12-11,2020-12-07 00:00:00,2020-12-11,,4822.5,0.0,0.0
4291,4291,F33707,8228.0,E,4.0,2020-12-11 12:22:46.133,2020-12-11,2020-11-26 00:00:00,2020-12-11,,3000.0000000000005,0.0,0.0
4304,4304,F33720,4605.0,E,4.0,2020-12-14 16:09:22.667,2020-12-14,2020-12-11 00:00:00,2020-12-14,,1500.0,0.0,0.0
4318,4318,F33734,4598.0,E,4.0,2020-12-15 16:24:45.967,2020-12-15,2020-12-15 00:00:00,2021-01-14,,17703.600000000002,0.0,0.0
4326,4326,F33742,5926.0,E,4.0,2020-12-16 12:26:40.780,2020-12-16,2020-12-09 00:00:00,2020-12-16,,1650.0000000000002,0.0,0.0
4334,4334,F33750,4581.0,E,4.0,2020-12-16 16:31:02.310,2020-12-16,2020-12-10 00:00:00,2020-12-16,,1640.0000000000002,0.0,0.0
4346,4346,F33762,644.0,E,4.0,2020-12-18 09:49:33.437,2020-12-18,2020-12-15 00:00:00,2021-02-16,,10960.0,0.0,0.0
4352,4352,F33768,1016.0,E,4.0,2020-12-18 14:27:34.763,2020-12-18,2020-12-15 00:00:00,2021-01-17,,1738.0000000000002,0.0,0.0
4361,4361,F33777,169.0,E,4.0,2020-12-21 11:33:17.557,2020-12-21,2020-12-09 00:00:00,2020-12-21,,600.0,0.0,0.0
4374,4374,F33790,4607.0,E,4.0,2020-12-22 13:41:58.967,2020-12-22,2020-12-22 00:00:00,2021-01-06,,4620.000000000001,0.0,0.0
4376,4376,F33792,1802.0,E,4.0,2020-12-30 14:11:35.693,2020-12-30,2020-12-30 00:00:00,2020-12-30,,24137.931,0.0,0.0
4384,4384,F33800,6297.0,E,4.0,2020-12-31 12:02:06.833,2020-12-31,2020-12-31 00:00:00,2020-12-31,,1360.0,0.0,0.0
4386,4386,F33802,8251.0,E,4.0,2020-12-31 18:05:34.510,2020-12-31,2020-12-31 00:00:00,2020-12-31,,11138.1,0.0,0.0
4388,4388,F33804,1586.0,C,4.0,2021-01-05 08:38:54.680,2021-01-05,2020-12-09 00:00:00,2021-01-05,2021-01-07,3712.7,0.0,0.0
4401,4401,F33817,466.0,E,4.0,2021-01-05 11:12:27.460,2021-01-05,2020-12-17 00:00:00,2021-01-05,,3527.6000000000004,0.0,0.0
4424,4424,F33840,8251.0,E,4.0,2021-01-07 12:13:19.420,2021-01-07,2021-01-07 00:00:00,2021-01-07,,3712.7,0.0,0.0
4440,4440,F33856,269.0,E,4.0,2021-01-08 15:08:31.320,2021-01-08,2021-01-05 00:00:00,2021-02-07,,7500.000000000001,0.0,0.0
4443,4443,F33859,3930.0,E,4.0,2021-01-11 09:03:09.563,2021-01-11,2021-01-04 00:00:00,2021-02-10,,28305.0,0.0,0.0
4457,4457,F33873,3346.0,E,4.0,2021-01-12 10:39:21.257,2021-01-12,2021-01-04 00:00:00,2021-02-11,,10504.8,0.0,0.0
4460,4460,F33876,5728.0,E,4.0,2021-01-12 12:09:12.863,2021-01-12,2020-12-17 00:00:00,2021-01-20,,20930.4,0.0,0.0
4466,4466,F33882,644.0,E,4.0,2021-01-12 16:54:17.787,2021-01-12,2021-01-08 00:00:00,2021-03-13,,35673.0,0.0,0.0
4469,4469,F33885,161.0,E,4.0,2021-01-13 09:34:19.913,2021-01-13,2021-01-12 00:00:00,2021-01-13,,1500.0000000000002,0.0,0.0
4484,4484,F33900,4733.0,E,4.0,2021-01-14 14:53:51.123,2021-01-14,2021-01-14 00:00:00,2021-01-29,,70.0,0.0,0.0
4488,4488,F33904,644.0,E,4.0,2021-01-15 09:56:52.107,2021-01-15,2021-01-08 00:00:00,2021-03-16,,35673.0,0.0,0.0
4500,4500,F33916,3916.0,E,4.0,2021-01-18 11:21:05.763,2021-01-18,2021-01-05 00:00:00,2021-02-02,,2678.5,0.0,0.0
4507,4507,F33923,4598.0,E,4.0,2021-01-18 14:33:24.913,2021-01-18,2021-01-11 00:00:00,2021-02-17,,12755.8,0.0,0.0
4512,4512,F33928,8232.0,C,4.0,2021-01-19 11:29:46.983,2021-01-19,2021-01-06 00:00:00,2021-02-18,2021-01-19,1600.0000000000002,0.0,0.0
4515,4515,F33931,5739.0,E,4.0,2021-01-19 13:11:21.783,2021-01-19,2020-12-03 00:00:00,2021-01-19,,33938.0,0.0,0.0
4516,4516,F33932,5739.0,E,4.0,2021-01-19 13:16:33.243,2021-01-19,2020-12-03 00:00:00,2021-01-19,,24992.4,0.0,0.0
4519,4519,F33935,6297.0,E,4.0,2021-01-19 14:08:28.663,2021-01-19,2021-01-09 00:00:00,2021-01-19,,1360.0,0.0,0.0
4522,4522,F33938,1150.0,E,4.0,2021-01-19 16:31:39.290,2021-01-19,2021-01-11 00:00:00,2021-01-19,,1720.0000000000002,0.0,0.0
4535,4535,F33951,4598.0,E,4.0,2021-01-21 09:23:18.817,2021-01-21,2021-01-11 00:00:00,2021-02-20,,15141.000000000002,0.0,0.0
4553,4553,F33969,255.0,E,4.0,2021-01-22 16:53:31.733,2021-01-22,2021-01-22 00:00:00,2021-01-22,,2845.0,0.0,0.0
4561,4561,F33977,5271.0,E,4.0,2021-01-25 12:39:01.967,2021-01-25,2020-12-23 00:00:00,2021-02-24,,3800.000000000001,0.0,0.0
4591,4591,F34007,466.0,E,4.0,2021-01-27 15:11:34.817,2021-01-27,2021-01-18 00:00:00,2021-01-27,,5465.200000000001,0.0,0.0
4598,4598,F34014,4435.0,E,4.0,2021-01-27 16:56:03.277,2021-01-27,2021-01-19 00:00:00,2021-01-27,,147420.0,0.0,0.0
4599,4599,F34015,4435.0,E,4.0,2021-01-27 16:59:14.123,2021-01-27,2021-01-25 00:00:00,2021-01-27,,32175.000000000004,0.0,0.0
4621,4621,F34037,4598.0,E,4.0,2021-01-29 08:54:07.220,2021-01-29,2021-01-22 00:00:00,2021-02-28,,17703.600000000002,0.0,0.0
4624,4624,F34040,466.0,E,4.0,2021-01-29 10:17:24.057,2021-01-29,2021-01-26 00:00:00,2021-01-29,,5880.0,0.0,0.0
4625,4625,F34041,466.0,E,4.0,2021-01-29 10:20:05.240,2021-01-29,2021-01-26 00:00:00,2021-01-29,,10067.9,0.0,0.0
4673,4673,F34089,4486.0,E,4.0,2021-02-03 09:50:31.143,2021-02-03,2021-02-03 00:00:00,2021-02-03,,1086.0,0.0,0.0
4674,4674,F34090,4486.0,E,4.0,2021-02-03 09:57:21.997,2021-02-03,2021-02-03 00:00:00,2021-02-03,,1350.0,0.0,0.0
4677,4677,F34093,466.0,E,4.0,2021-02-03 11:35:11.073,2021-02-03,2021-01-28 00:00:00,2021-02-03,,1825.0,0.0,0.0
4686,4686,F34102,8215.0,E,4.0,2021-02-04 10:41:52.713,2021-02-04,2021-02-04 00:00:00,2021-02-04,,3200.0000000000005,0.0,0.0
4688,4688,F34104,4598.0,E,4.0,2021-02-04 10:54:53.727,2021-02-04,2021-01-22 00:00:00,2021-03-06,,9159.75,0.0,0.0
4689,4689,F34105,2244.0,E,4.0,2021-02-04 11:00:59.193,2021-02-04,2021-01-28 00:00:00,2021-03-06,,9438.8,0.0,0.0
4695,4695,F34111,5728.0,E,4.0,2021-02-04 14:22:42.163,2021-02-04,2021-01-28 00:00:00,2021-02-12,,3427.2000000000003,0.0,0.0
4703,4703,F34119,5728.0,E,4.0,2021-02-05 08:46:04.813,2021-02-05,2021-01-29 00:00:00,2021-02-13,,4114.0,0.0,0.0
4709,4709,F34125,6198.0,E,4.0,2021-02-05 14:38:34.933,2021-02-05,2021-02-05 00:00:00,2021-02-05,,8620.689600000002,0.0,0.0
4711,4711,F34127,3916.0,E,4.0,2021-02-05 15:01:38.710,2021-02-05,2021-01-14 00:00:00,2021-02-20,,2500.0,0.0,0.0
4752,4752,F34168,644.0,E,4.0,2021-02-10 16:29:15.753,2021-02-10,2021-02-09 00:00:00,2021-04-11,,19489.800000000003,0.0,0.0
4755,4755,F34171,1053.0,E,4.0,2021-02-11 12:22:36.750,2021-02-11,2021-02-09 00:00:00,2021-05-12,,13065.0,0.0,0.0
4757,4757,F34173,5728.0,E,4.0,2021-02-11 12:54:02.213,2021-02-11,2021-02-11 00:00:00,2021-02-19,,8568.0,0.0,0.0
4769,4769,F34185,6198.0,E,4.0,2021-02-12 13:45:34.743,2021-02-12,2021-02-12 00:00:00,2021-02-12,,17800.0,0.0,0.0
4772,4772,F34188,644.0,E,4.0,2021-02-12 14:04:15.870,2021-02-12,2021-02-09 00:00:00,2021-04-13,,19489.800000000003,0.0,0.0
4778,4778,F34194,3926.0,E,4.0,2021-02-12 16:11:00.693,2021-02-12,2021-02-12 00:00:00,2021-03-14,,2682.9,0.0,0.0
4782,4782,F34198,3916.0,E,4.0,2021-02-15 12:42:08.270,2021-02-15,2021-02-15 00:00:00,2021-03-02,,2500.0,0.0,0.0
4793,4793,F34209,8215.0,E,4.0,2021-02-16 11:06:34.943,2021-02-16,2021-02-12 00:00:00,2021-02-16,,3200.0000000000005,0.0,0.0
4796,4796,F34212,4607.0,E,4.0,2021-02-16 11:42:11.147,2021-02-16,2021-02-16 00:00:00,2021-03-03,,300.0,0.0,0.0
4859,4859,F34275,644.0,E,4.0,2021-02-19 16:22:54.720,2021-02-19,2021-02-22 00:00:00,2021-04-20,,38979.600000000006,0.0,0.0
4861,4861,F34277,2503.0,E,4.0,2021-02-19 17:50:36.953,2021-02-19,2021-02-17 00:00:00,2021-02-19,,2950.0,0.0,0.0
4862,4862,F34278,3916.0,E,4.0,2021-02-22 09:16:08.790,2021-02-22,2021-02-12 00:00:00,2021-03-09,,1900.0,0.0,0.0
4890,4890,F34306,2503.0,E,4.0,2021-02-23 14:49:32.720,2021-02-23,2021-02-19 00:00:00,2021-02-23,,4500.0,0.0,0.0
4902,4902,F34318,3916.0,E,4.0,2021-02-24 09:47:45.763,2021-02-24,2021-02-18 00:00:00,2021-03-11,,2678.5,0.0,0.0
4903,4903,F34319,3916.0,E,4.0,2021-02-24 09:49:25.133,2021-02-24,2021-02-15 00:00:00,2021-03-11,,2500.0,0.0,0.0
4904,4904,F34320,161.0,E,4.0,2021-02-24 09:50:41.747,2021-02-24,2021-02-18 00:00:00,2021-03-26,,1054.0,0.0,0.0
4919,4919,F34335,466.0,E,4.0,2021-02-25 09:27:08.327,2021-02-25,2021-02-17 00:00:00,2021-04-26,,5962.0,0.0,0.0
4940,4940,F34356,49.0,E,4.0,2021-02-26 09:11:41.640,2021-02-26,2021-02-25 00:00:00,2021-03-13,,9200.0,0.0,0.0
4943,4943,F34359,644.0,E,4.0,2021-02-26 10:59:39.397,2021-02-26,2021-02-22 00:00:00,2021-04-27,,19489.800000000003,0.0,0.0
4966,4966,F34382,6490.0,E,4.0,2021-03-01 13:01:43.070,2021-03-01,2021-03-01 00:00:00,2021-03-01,,7200.000000000001,0.0,0.0
5004,5004,F34420,4598.0,E,4.0,2021-03-04 09:49:02.163,2021-03-04,2021-02-24 00:00:00,2021-04-03,,11190.0,0.0,0.0
5006,5006,F34422,466.0,E,4.0,2021-03-04 10:49:05.723,2021-03-04,2021-02-26 00:00:00,2021-05-03,,5880.000000000001,0.0,0.0
5028,5028,F34444,3930.0,E,4.0,2021-03-08 09:28:02.637,2021-03-08,2021-03-02 00:00:00,2021-04-07,,28305.0,0.0,0.0
5045,5045,F34461,3926.0,E,4.0,2021-03-09 09:11:22.310,2021-03-09,2021-03-05 00:00:00,2021-04-08,,39600.0,0.0,0.0
5072,5072,F34488,4733.0,E,4.0,2021-03-10 12:40:23.170,2021-03-10,2021-03-04 00:00:00,2021-03-25,,1500.0000000000002,0.0,0.0
5090,5090,F34506,8215.0,E,4.0,2021-03-11 17:04:48.913,2021-03-11,2021-03-11 00:00:00,2021-03-14,,7000.000000000001,0.0,0.0
5108,5108,F34524,5728.0,E,4.0,2021-03-16 11:49:20.073,2021-03-16,2021-02-26 00:00:00,2021-03-24,,13600.000000000002,0.0,0.0
5112,5112,F34528,6490.0,E,4.0,2021-03-16 14:09:13.737,2021-03-16,2021-03-05 00:00:00,2021-03-16,,7200.000000000001,0.0,0.0
5127,5127,F34543,3598.0,E,4.0,2021-03-17 17:43:11.307,2021-03-17,2021-02-18 00:00:00,2021-04-16,,16529.510000000002,1396.0800000000004,0.0
5129,5129,F34545,2503.0,E,4.0,2021-03-18 08:17:29.910,2021-03-18,2021-03-17 00:00:00,2021-03-18,,7050.0,0.0,0.0
5136,5136,F34552,4486.0,E,4.0,2021-03-18 11:39:53.953,2021-03-18,2021-03-18 00:00:00,2021-03-18,,3967.5,0.0,0.0
5150,5150,F34566,3503.0,E,4.0,2021-03-19 12:50:32.737,2021-03-19,2021-03-19 00:00:00,2021-03-19,,137.93,0.0,0.0
5153,5153,F34569,644.0,E,4.0,2021-03-19 15:00:57.283,2021-03-19,2021-03-19 00:00:00,2021-03-19,,38979.600000000006,0.0,0.0
5160,5160,F34576,466.0,E,4.0,2021-03-22 12:05:18.667,2021-03-22,2021-03-10 00:00:00,2021-05-21,,3893.5,0.0,0.0
5171,5171,F34587,466.0,E,4.0,2021-03-22 17:53:47.247,2021-03-22,2021-03-12 00:00:00,2021-05-21,,6700.0,0.0,0.0
5172,5172,F34588,49.0,E,4.0,2021-03-23 08:19:20.090,2021-03-23,2021-03-23 00:00:00,2021-04-07,,275.0,0.0,0.0
5181,5181,F34597,5728.0,E,4.0,2021-03-23 12:29:43.823,2021-03-23,2021-03-17 00:00:00,2021-03-31,,22440.000000000004,0.0,0.0
5184,5184,F34600,8215.0,E,4.0,2021-03-23 13:14:59.670,2021-03-23,2021-03-19 00:00:00,2021-03-26,,4800.0,0.0,0.0
5192,5192,F34608,466.0,E,4.0,2021-03-24 11:09:51.927,2021-03-24,2021-03-16 00:00:00,2021-05-23,,6227.1,0.0,0.0
5193,5193,F34609,644.0,E,4.0,2021-03-24 11:16:48.157,2021-03-24,2021-03-18 00:00:00,2021-05-23,,14875.000000000002,0.0,0.0
5196,5196,F34612,466.0,E,4.0,2021-03-24 12:45:38.397,2021-03-24,2021-03-23 00:00:00,2021-05-23,,2940.0000000000005,0.0,0.0
5228,5228,F34644,644.0,E,4.0,2021-03-29 09:21:15.817,2021-03-29,2021-03-25 00:00:00,2021-05-28,,2600.0,0.0,0.0
5229,5229,F34645,466.0,E,4.0,2021-03-29 10:55:08.467,2021-03-29,2021-03-25 00:00:00,2021-05-28,,2068.5,0.0,0.0
5233,5233,F34649,644.0,E,4.0,2021-03-29 12:00:33.893,2021-03-29,2021-03-29 00:00:00,2021-05-28,,4070.000000000001,0.0,0.0
5234,5234,F34650,644.0,E,4.0,2021-03-29 12:07:59.763,2021-03-29,2021-03-30 00:00:00,2021-05-28,,19489.800000000003,0.0,0.0
5237,5237,F34653,466.0,E,4.0,2021-03-29 15:14:06.840,2021-03-29,2021-03-23 00:00:00,2021-05-28,,1825.0,0.0,0.0
5239,5239,F34655,644.0,E,4.0,2021-03-30 10:32:31.907,2021-03-30,2021-03-29 00:00:00,2021-05-29,,13050.0,0.0,0.0
5250,5250,F34666,5728.0,E,4.0,2021-03-31 09:01:07.897,2021-03-31,2021-03-31 00:00:00,2021-04-08,,3550.0000000000005,0.0,0.0
5264,5264,F34680,2510.0,,4.0,2021-03-31 14:26:26.480,2021-03-31,2021-03-25 00:00:00,2021-03-31,,9600.0,0.0,0.0
5268,5268,F34684,644.0,,4.0,2021-03-31 15:24:13.417,2021-03-31,2021-03-30 00:00:00,2021-05-30,,38979.600000000006,0.0,0.0
5299,5299,F34715,466.0,E,4.0,2021-04-07 10:14:36.053,2021-04-07,2021-03-24 00:00:00,2021-06-06,,17160.0,0.0,0.0
5300,5300,F34716,466.0,E,4.0,2021-04-07 10:35:42.940,2021-04-07,2021-03-25 00:00:00,2021-06-06,,5880.000000000001,0.0,0.0
5305,5305,F34721,5728.0,E,4.0,2021-04-08 08:37:35.330,2021-04-08,2021-03-31 00:00:00,2021-04-16,,3884.5,0.0,0.0
5306,5306,F34722,5728.0,E,4.0,2021-04-08 08:41:37.413,2021-04-08,2021-03-31 00:00:00,2021-04-16,,8466.0,0.0,0.0
5338,5338,F34754,8215.0,E,4.0,2021-04-12 12:58:02.017,2021-04-12,2021-04-12 00:00:00,2021-04-12,,220.00000000000003,0.0,0.0
5352,5352,F34768,161.0,E,4.0,2021-04-13 12:59:54.177,2021-04-13,2021-04-09 00:00:00,2021-05-13,,1230.0,0.0,0.0
5363,5363,F34779,5728.0,E,4.0,2021-04-14 10:02:08.423,2021-04-14,2021-04-07 00:00:00,2021-04-22,,29376.000000000004,0.0,0.0
5365,5365,F34781,6187.0,E,4.0,2021-04-14 11:36:34.120,2021-04-14,2021-04-07 00:00:00,2021-04-14,,400.00000000000006,0.0,0.0
5384,5384,F34800,5728.0,E,4.0,2021-04-15 14:57:56.360,2021-04-15,2021-04-07 00:00:00,2021-04-23,,26086.95,0.0,0.0
5399,5399,F34815,161.0,E,4.0,2021-04-19 15:05:04.743,2021-04-19,2021-04-19 00:00:00,2021-05-19,,1211.0725000000002,0.0,0.0
5409,5409,F34825,5728.0,E,4.0,2021-04-20 10:09:28.390,2021-04-20,2021-04-07 00:00:00,2021-04-28,,30064.500000000004,0.0,0.0
5424,5424,F34840,4733.0,E,4.0,2021-04-21 09:04:43.973,2021-04-21,2021-04-21 00:00:00,2021-05-06,,910.636,0.0,0.0
5425,5425,F34841,4733.0,C,4.0,2021-04-21 09:07:54.123,2021-04-21,2021-04-21 00:00:00,2021-05-06,2021-04-23,1090.6,0.0,0.0
5439,5439,F34855,5728.0,E,4.0,2021-04-21 15:31:35.857,2021-04-21,2021-04-07 00:00:00,2021-04-29,,66708.0,0.0,0.0
5440,5440,F34856,5728.0,E,4.0,2021-04-21 15:33:43.050,2021-04-21,2021-03-29 00:00:00,2021-04-29,,7395.000000000001,0.0,0.0
5445,5445,F34861,2687.0,E,4.0,2021-04-22 12:28:41.137,2021-04-22,2021-04-20 00:00:00,2021-05-22,,2023.44,0.0,0.0
5492,5492,F34908,3722.0,E,4.0,2021-04-28 09:15:36.487,2021-04-28,2021-04-28 00:00:00,2021-04-28,,495.00000000000006,0.0,0.0
5495,5495,F34911,4435.0,E,4.0,2021-04-28 10:09:38.160,2021-04-28,2021-04-15 00:00:00,2021-04-28,,14754.4,0.0,0.0
5547,5547,F34963,5561.0,E,4.0,2021-05-04 13:11:24.457,2021-05-04,2021-05-04 00:00:00,2021-05-04,,2600.0,0.0,0.0
5559,5559,F34975,161.0,E,4.0,2021-05-05 08:40:34.220,2021-05-05,2021-05-05 00:00:00,2021-06-04,,1500.0,0.0,0.0
5560,5560,F34976,161.0,E,4.0,2021-05-05 08:56:02.687,2021-05-05,2021-05-03 00:00:00,2021-06-04,,1230.0,0.0,0.0
5562,5562,F34978,2046.0,E,4.0,2021-05-05 09:30:42.863,2021-05-05,2021-04-19 00:00:00,2021-06-04,,41600.0,0.0,0.0
5569,5569,F34985,5854.0,E,4.0,2021-05-05 14:29:51.557,2021-05-05,2021-05-05 00:00:00,2021-05-05,,4250.0,0.0,0.0
5576,5576,F34992,4733.0,E,4.0,2021-05-06 13:41:21.260,2021-05-06,2021-05-06 00:00:00,2021-05-21,,910.636,0.0,0.0
5579,5579,F34995,5925.0,E,4.0,2021-05-06 15:19:43.233,2021-05-06,2021-05-06 00:00:00,2021-05-06,,1033.85,0.0,0.0
5602,5602,F35018,8323.0,E,4.0,2021-05-11 16:01:33.067,2021-05-11,2021-05-07 00:00:00,2021-05-11,,1200.0,0.0,0.0
5604,5604,F35020,2244.0,E,4.0,2021-05-12 08:48:06.857,2021-05-12,2021-05-05 00:00:00,2021-06-11,,9438.8,0.0,0.0
5616,5616,F35032,4486.0,E,4.0,2021-05-12 17:04:26.420,2021-05-12,2021-05-12 00:00:00,2021-05-12,,1493.2500000000002,0.0,0.0
5623,5623,F35039,3722.0,E,4.0,2021-05-13 12:58:00.270,2021-05-13,2021-05-11 00:00:00,2021-05-13,,4860.000000000001,0.0,0.0
5625,5625,F35041,3034.0,E,4.0,2021-05-13 13:24:41.113,2021-05-13,2021-05-13 00:00:00,2021-05-13,,1539.9978,0.0,0.0
5665,5665,F35081,5854.0,E,4.0,2021-05-19 08:49:54.940,2021-05-19,2021-05-05 00:00:00,2021-05-19,,8500.0,0.0,0.0
5675,5675,F35091,5819.0,E,4.0,2021-05-19 15:40:44.933,2021-05-19,2021-05-21 00:00:00,2021-05-19,,6000.0,0.0,0.0
5679,5679,F35095,3722.0,E,4.0,2021-05-19 16:13:38.297,2021-05-19,2021-05-14 00:00:00,2021-05-19,,840.0,0.0,0.0
5691,5691,F35107,161.0,E,4.0,2021-05-20 15:24:23.003,2021-05-20,2021-05-18 00:00:00,2021-06-19,,1791.0000000000002,0.0,0.0
5708,5708,F35124,161.0,E,4.0,2021-05-24 10:31:28.933,2021-05-24,2021-05-24 00:00:00,2021-06-23,,315.55,0.0,0.0
5745,5745,F35161,8215.0,E,4.0,2021-05-26 10:28:08.373,2021-05-26,2021-05-19 00:00:00,2021-05-26,,3850.0,0.0,0.0
5765,5765,F35181,3916.0,C,4.0,2021-05-28 08:49:14.497,2021-05-28,2021-05-28 00:00:00,2021-06-12,2021-05-31,2500.0,0.0,0.0
5777,5777,F35193,114.0,E,4.0,2021-05-28 15:39:37.530,2021-05-28,2021-05-21 00:00:00,2021-07-12,,5500.0,0.0,0.0
5800,5800,F35216,3916.0,E,4.0,2021-06-01 09:06:06.683,2021-06-01,2021-06-01 00:00:00,2021-06-16,,2500.0,0.0,0.0
5808,5808,F35224,3926.0,E,4.0,2021-06-02 09:25:26.777,2021-06-02,2021-05-24 00:00:00,2021-07-02,,2682.9,0.0,0.0
5812,5812,F35228,8347.0,E,4.0,2021-06-02 10:52:35.160,2021-06-02,2021-05-25 00:00:00,2021-06-02,,450.00000000000006,0.0,0.0
5821,5821,F35237,2221.0,E,4.0,2021-06-02 14:24:33.547,2021-06-02,2021-06-02 00:00:00,2021-06-02,,480.00000000000006,0.0,0.0
5854,5854,F35270,4528.0,E,4.0,2021-06-08 17:59:57.217,2021-06-08,2021-06-08 00:00:00,2021-06-08,,1200.0,0.0,0.0
5862,5862,F35278,6660.0,E,4.0,2021-06-10 10:37:07.400,2021-06-10,2021-06-10 00:00:00,2021-06-10,,3164.9092,0.0,0.0
5871,5871,F35287,3722.0,E,4.0,2021-06-10 17:16:12.880,2021-06-10,2021-06-04 00:00:00,2021-06-10,,950.0,0.0,0.0
5881,5881,F35297,4486.0,E,4.0,2021-06-11 11:40:38.637,2021-06-11,2021-06-11 00:00:00,2021-06-11,,2036.25,0.0,0.0
6018,6018,F35434,4685.0,E,4.0,2021-06-29 12:47:20.290,2021-06-29,2021-06-29 00:00:00,2021-07-29,,712.2438000000001,0.0,0.0
6078,6078,F35494,4858.0,E,4.0,2021-07-05 13:32:25.367,2021-07-05,2021-07-05 00:00:00,2021-07-05,,356.26500000000004,0.0,0.0
6193,6193,F35609,3722.0,E,4.0,2021-07-20 12:47:04.617,2021-07-20,2021-07-20 00:00:00,2021-07-20,,377.33,0.0,0.0
6204,6204,F35620,161.0,E,4.0,2021-07-21 09:48:11.333,2021-07-21,2021-07-21 00:00:00,2021-08-20,,315.55,0.0,0.0
6216,6216,F35632,6396.0,E,4.0,2021-07-21 15:55:49.987,2021-07-21,2021-07-21 00:00:00,2021-08-20,,4580.0,0.0,0.0
6306,6306,F35722,6189.0,E,4.0,2021-07-30 12:26:45.323,2021-07-30,2021-08-06 00:00:00,2021-07-30,,1250.0,0.0,0.0
6338,6338,F35754,161.0,E,4.0,2021-08-04 09:54:12.390,2021-08-04,2021-08-04 00:00:00,2021-09-03,,315.5725,0.0,0.0
6456,6456,F35872,3722.0,E,4.0,2021-08-18 11:30:33.087,2021-08-18,2021-08-27 00:00:00,2021-08-18,,7370.0,0.0,0.0
6473,6473,F35889,2244.0,E,4.0,2021-08-19 12:43:35.013,2021-08-19,2021-08-25 00:00:00,2021-09-18,,1850.0,0.0,0.0
6517,6517,F35933,9568.0,E,4.0,2021-08-24 11:29:37.593,2021-08-24,2021-08-24 00:00:00,2021-08-24,,1485.0000000000002,0.0,0.0
6550,6550,F35966,6003.0,E,4.0,2021-08-27 10:14:51.807,2021-08-27,2021-08-27 00:00:00,2021-08-30,,650.0,0.0,0.0
6600,6600,F36016,3449.0,E,4.0,2021-08-31 17:51:44.340,2021-08-31,2021-08-31 00:00:00,2021-08-31,,1328.25,0.0,0.0
6606,6606,F36022,2678.0,E,4.0,2021-08-31 18:24:21.623,2021-08-31,2021-08-31 00:00:00,2021-08-31,,2586.2068000000004,0.0,0.0
6632,6632,F36048,161.0,E,4.0,2021-09-03 11:49:36.857,2021-09-03,2021-09-09 00:00:00,2021-10-03,,1545.55,0.0,0.0
6634,6634,F36050,9574.0,E,4.0,2021-09-03 12:17:38.070,2021-09-03,2021-09-03 00:00:00,2021-09-03,,1867.2727,0.0,0.0
6639,6639,F36055,4810.0,E,4.0,2021-09-03 15:15:59.327,2021-09-03,2021-09-06 00:00:00,2021-09-18,,6698.000000000001,0.0,0.0
6644,6644,F36060,6834.0,E,4.0,2021-09-03 18:19:57.263,2021-09-03,2021-09-10 00:00:00,2021-09-03,,1278.0,0.0,0.0
6657,6657,F36073,8440.0,E,4.0,2021-09-06 13:42:57.143,2021-09-06,2021-09-06 00:00:00,2021-09-06,,296.66360000000003,0.0,0.0
6676,6676,F36092,2715.0,E,4.0,2021-09-08 12:06:32.777,2021-09-08,2021-09-08 00:00:00,2021-09-08,,290.0,0.0,0.0
6677,6677,F36093,161.0,E,4.0,2021-09-08 12:09:28.990,2021-09-08,2021-09-08 00:00:00,2021-10-08,,1500.0000000000002,0.0,0.0
6703,6703,F36119,6499.0,E,4.0,2021-09-10 12:00:08.300,2021-09-10,2021-09-10 00:00:00,2021-09-10,,1100.0,0.0,0.0
6716,6716,F36132,7033.0,E,4.0,2021-09-13 14:19:29.320,2021-09-13,2021-09-13 00:00:00,2021-09-13,,293.526,0.0,0.0
6724,6724,F36140,7033.0,E,4.0,2021-09-14 12:43:04.267,2021-09-14,2021-09-14 00:00:00,2021-09-14,,293.526,0.0,0.0
6726,6726,F36142,4486.0,E,4.0,2021-09-14 13:00:18.253,2021-09-14,2021-09-13 00:00:00,2021-09-14,,3445.5,0.0,0.0
6727,6727,F36143,3926.0,E,4.0,2021-09-14 13:48:14.880,2021-09-14,2021-09-17 00:00:00,2021-10-14,,2310.0,0.0,0.0
6732,6732,F36148,4601.0,E,4.0,2021-09-14 16:10:26.653,2021-09-14,2021-09-15 00:00:00,2021-09-14,,1435.8270000000002,0.0,0.0
6741,6741,F36157,5926.0,E,4.0,2021-09-15 11:22:58.260,2021-09-15,2021-09-15 00:00:00,2021-09-15,,74.0488,0.0,0.0
6742,6742,F36158,8448.0,E,4.0,2021-09-15 11:38:48.360,2021-09-15,2021-09-15 00:00:00,2021-09-15,,3250.0000000000005,0.0,0.0
6747,6747,F36163,8450.0,E,4.0,2021-09-15 14:20:26.317,2021-09-15,2021-09-15 00:00:00,2021-09-15,,680.0,0.0,0.0
6755,6755,F36171,8451.0,E,4.0,2021-09-17 12:15:23.920,2021-09-17,2021-09-17 00:00:00,2021-09-17,,1443.5121,0.0,0.0
6756,6756,F36172,5926.0,E,4.0,2021-09-17 12:34:47.693,2021-09-17,2021-09-17 00:00:00,2021-09-17,,385.466,0.0,0.0
6757,6757,F36173,5926.0,E,4.0,2021-09-17 14:45:04.987,2021-09-17,2021-09-17 00:00:00,2021-09-17,,45.00000000000001,0.0,0.0
6758,6758,F36174,161.0,E,4.0,2021-09-17 15:55:34.267,2021-09-17,2021-09-17 00:00:00,2021-10-17,,2800.0000000000005,0.0,0.0
6760,6760,F36176,203.0,E,4.0,2021-09-17 16:46:28.650,2021-09-17,2021-09-17 00:00:00,2021-09-17,,410.9364000000001,0.0,0.0
6770,6770,F36186,4675.0,E,4.0,2021-09-21 09:16:53.760,2021-09-21,2021-09-15 00:00:00,2021-10-21,,7853.0,0.0,0.0
6773,6773,F36189,5926.0,E,4.0,2021-09-21 09:51:56.957,2021-09-21,2021-09-21 00:00:00,2021-09-21,,304.8292,0.0,0.0
6779,6779,F36195,6406.0,E,4.0,2021-09-21 12:56:08.777,2021-09-21,2021-09-17 00:00:00,2021-09-21,,3717.1818,0.0,0.0
6783,6783,F36199,6827.0,E,4.0,2021-09-21 15:19:56.723,2021-09-21,2021-09-21 00:00:00,2021-09-21,,553.6364000000001,0.0,0.0
6787,6787,F36203,5923.0,E,4.0,2021-09-21 17:40:36.983,2021-09-21,2021-09-21 00:00:00,2021-09-21,,1066.8625,0.0,0.0
6794,6794,F36210,8441.0,C,4.0,2021-09-22 11:25:12.353,2021-09-22,2021-09-29 00:00:00,2021-09-22,2021-09-22,816.6,0.0,0.0
6796,6796,F36212,8457.0,E,4.0,2021-09-22 14:20:52.550,2021-09-22,2021-09-22 00:00:00,2021-09-22,,184.5858,0.0,0.0
6799,6799,F36215,8441.0,E,4.0,2021-09-23 08:55:33.083,2021-09-23,2021-09-29 00:00:00,2021-09-23,,816.6,0.0,0.0
6802,6802,F36218,6115.0,E,4.0,2021-09-23 11:04:06.547,2021-09-23,2021-09-30 00:00:00,2021-09-23,,455.59,0.0,0.0
6803,6803,F36219,4810.0,E,4.0,2021-09-23 11:17:36.117,2021-09-23,2021-09-28 00:00:00,2021-10-08,,13471.38,0.0,0.0
6818,6818,F36234,8456.0,E,4.0,2021-09-24 11:45:36.210,2021-09-24,2021-09-29 00:00:00,2021-09-24,,1048.97,0.0,0.0
6838,6838,F36254,5966.0,E,4.0,2021-09-27 16:21:07.520,2021-09-27,2021-09-29 00:00:00,2021-09-27,,3874.46,0.0,0.0
6843,6843,F36259,2316.0,E,4.0,2021-09-28 09:49:49.130,2021-09-28,2021-09-27 00:00:00,2021-09-28,,550.0,0.0,0.0
6876,6876,F36292,5926.0,E,4.0,2021-09-30 17:34:36.363,2021-09-30,2021-09-30 00:00:00,2021-09-30,,1250.85,0.0,0.0
6905,6905,F36321,161.0,E,4.0,2021-10-04 15:18:33.677,2021-10-04,2021-09-30 00:00:00,2021-11-03,,5700.000000000001,0.0,0.0
7007,7007,F36423,8478.0,E,4.0,2021-10-15 11:37:13.230,2021-10-15,2021-10-15 00:00:00,2021-10-15,,450.5451000000001,0.0,0.0
7318,7318,F36734,8083.0,E,4.0,2021-11-23 12:09:31.720,2021-11-23,2021-11-23 00:00:00,2021-11-23,,50400.00000000001,0.0,0.0
7426,7426,F36842,6259.0,E,4.0,2021-12-02 14:15:12.043,2021-12-02,2021-12-02 00:00:00,2021-12-02,,375.00000000000006,0.0,0.0
8291,8291,F37707,5819.0,E,4.0,2022-03-23 14:20:37.963,2022-03-23,2022-03-23 00:00:00,2022-03-23,,2970.0,0.0,0.0
8417,8417,F37833,2244.0,E,4.0,2022-04-05 11:24:10.140,2022-04-05,2022-04-05 00:00:00,2022-05-05,,1850.0,0.0,0.0
8418,8418,F37834,2244.0,E,4.0,2022-04-05 11:32:59.177,2022-04-05,2022-04-05 00:00:00,2022-05-05,,9438.8,0.0,0.0
8536,8536,F37952,6859.0,E,4.0,2022-04-22 09:37:45.913,2022-04-22,2022-04-22 00:00:00,2022-04-22,,400.7,0.0,0.0
8665,8665,F38081,5386.0,E,4.0,2022-05-04 15:14:36.913,2022-05-04,2022-05-04 00:00:00,2022-05-04,,150.0,0.0,0.0
9703,9703,F39119,4889.0,E,4.0,2022-09-22 15:08:06.490,2022-09-22,2022-09-22 00:00:00,2022-09-22,,480.17,0.0,0.0
9799,9799,F39215,8040.0,E,4.0,2022-09-30 18:36:08.150,2022-09-30,2022-09-30 00:00:00,2022-09-30,,431.03440000000006,0.0,0.0
10260,10260,F39676,8224.0,E,4.0,2022-11-30 17:07:52.797,2022-11-30,2022-11-30 00:00:00,2022-11-30,,862.0689000000001,0.0,0.0
10529,10529,F39945,4510.0,E,4.0,2023-01-19 11:22:05.813,2023-01-19,2023-01-19 00:00:00,2023-01-19,,235.00000000000003,0.0,0.0
